Area,Population,Murder and non-negligent man-     slaughter,Crime Index Total,Modified Crime Index Total1,Violent Crime2,Property Crime3,Forcible rape,Robbery,Aggravated assault,,Burglary,Larceny-theft,Motor vehicle theft,Arson1
,,,,,,,,,,,,,,
ALABAMA,,,,,,,,,,,,,,
,,,,,,,,,,,,,,
Metropolitan Statistical Area,"3,102,822",,,,,,,,,,,,,
   Area actually reporting,89.6%,250,"149,103",,"15,419","133,684","1,076","4,707","9,386",,"29,110","94,554","10,020",
   Estimated totals,100.0%,270,"163,332", ,"16,813","146,519","1,168","5,052","10,323",,"31,850","103,847","10,822",
Cities outside metropolitan areas,"566,532",,,,,,,,,,,,,
   Area actually reporting,64.4%,24,"18,993", ,"2,406","16,587",143,369,"1,870",,"3,480","12,305",802,
   Estimated totals,100.0%,37,"29,312", ,"3,713","25,599",219,565,"2,892",,"5,372","18,995","1,232",
Rural,"777,686",,,,,,,,,,,,,
   Area actually reporting,59.5%,13,"5,569", ,639,"4,930",55,47,524,,"1,833","2,654",443,
   Estimated totals,100.0%,22,"9,364", ,"1,075","8,289",93,79,881,,"3,082","4,462",745,
State Total,"4,447,100",329,"202,159",,"21,620","180,539","1,482","5,702","14,107",,"40,331","127,399","12,809",
"   Rate per 100,000 inhabitants",,7.4,"4,545.9",,486.2,"4,059.7",33.3,128.2,317.2,,906.9,"2,864.8",288.0,
,, ,,,, , ,, ,, ,, ,
ALASKA,, , , , ,,, , ,, ,, ,
,, ,,,,, ,, ,,,,,
Metropolitan Statistical Area,"260,900",,,,,,,,,,,,,
   Area actually reporting,100.0%,10,"12,866",,"1,524","11,342",195,346,973,,"1,533","8,799","1,010",
Cities outside metropolitan areas,"170,892",,,,,,,,,,,,,
   Area actually reporting,72.5%,4,"6,495",,"1,028","5,467",116,90,818,,758,"4,098",611,
   Estimated totals,100.0%,6,"8,963",,"1,419","7,544",160,124,"1,129",,"1,046","5,655",843,
Rural,"195,140",,,,,,,,,,,,,
   Area actually reporting,100.0%,11,#VALUE!, ,#VALUE!,"4,201",142,20,438,,"1,320","2,384",497,
State Total,"626,932",27,#VALUE!, ,#VALUE!,"23,087",497,490,"2,540",,"3,899","16,838","2,350",
"   Rate per 100,000 inhabitants",,4.3,#VALUE!,,#VALUE!,"3,682.5",79.3,78.2,405.1,,621.9,"2,685.8",374.8,
,,,,,,,,,,,,,,
ARIZONA,, , , , ,,,,,,,,,
,,,,,,,,,,,,,,
Metropolitan Statistical Area,"4,511,366",,,,,,,,,,,,,
   Area actually reporting,99.5%,346,"278,715",,"25,362","253,353","1,511","7,338","16,167",,"48,057","163,534","41,762",
   Estimated totals,100.0%,347,"280,096",,"25,457","254,639","1,518","7,360","16,232",,"48,338","164,377","41,924",
Cities outside metropolitan areas,"304,632", ,,,,,,,,,,,,
   Area actually reporting,98.6%,11,"13,753",,"1,019","12,734",45,98,865,,"2,312","9,623",799,
   Estimated totals,100.0%,11,"13,955",,"1,034","12,921",46,99,878,,"2,346","9,764",811,
Rural,"314,634",,, ,,,,,,,,,,
   Area actually reporting,78.4%,1,#VALUE!,,#VALUE!,"3,333",10,35,573,,955,"2,010",368,
   Estimated totals,100.0%,1,#VALUE!,,#VALUE!,"4,251",13,45,731,,"1,218","2,564",469,
State Total,"5,130,632",359,#VALUE!,,#VALUE!,"271,811","1,577","7,504","17,841",,"51,902","176,705","43,204",
"   Rate per 100,000 inhabitants",,7.0,#VALUE!,,#VALUE!,"5,297.8",30.7,146.3,347.7,,"1,011.6","3,444.1",842.1,
,,, ,,,,,,,,,,,
ARKANSAS,,, ,, , , , , ,, , ,,
,,,,,,,,, ,, , , ,
Metropolitan Statistical Area,"1,309,487",,, ,,,,,,,,,,
   Area actually reporting,100.0%,95,"70,272",,"7,271","63,001",597,"1,486","5,093",,"12,337","45,880","4,784",
Cities outside metropolitan areas,"517,139", ,,,,,,,,,,,,
   Area actually reporting,99.9%,33,"27,142",,"3,159","23,983",159,418,"2,549",,"5,345","17,434","1,204",
   Estimated totals,100.0%,33,"27,177",,"3,163","24,014",159,419,"2,552",,"5,352","17,456","1,206",
Rural,"846,774",,,,,,,,,,,,,
   Area actually reporting,98.7%,40,#VALUE!,,#VALUE!,"10,952",91,95,"1,225",,"3,704","6,319",929,
   Estimated totals,100.0%,40,#VALUE!,,#VALUE!,"11,100",92,96,"1,242",,"3,754","6,404",942,
State Total,"2,673,400",168,#VALUE!,,#VALUE!,"98,115",848,"2,001","8,887",,"21,443","69,740","6,932",
"   Rate per 100,000 inhabitants",,6.3,#VALUE!,,#VALUE!,"3,670.0",31.7,74.8,332.4,,802.1,"2,608.7",259.3,
,,,,,,,,,,,,,,
CALIFORNIA,,, ,, , , ,, ,,,,,
,,,,, ,,,,,,,,,
Metropolitan Statistical Area,"32,735,730",,,,,,,,,,,,,
   Area actually reporting,100.0%,"2,028","1,231,988",,"206,253","1,025,734","9,466","59,749","135,010",,"213,040","633,595","179,099",
Cities outside metropolitan areas,"496,419",,,,,,,,,,,,,
   Area actually reporting,99.5%,24,"20,326",,"2,472","17,854",135,372,"1,941",,"4,348","11,837","1,669",
   Estimated totals,100.0%,24,"20,428",,"2,485","17,943",136,374,"1,951",,"4,370","11,896","1,677",
Rural,"639,499",,,,,,,,,,,,,
   Area actually reporting,100.0%,27,#VALUE!,,#VALUE!,"12,505",183,126,"1,457",,"4,883","6,363","1,259",
State Total,"33,871,648","2,079",#VALUE!,,#VALUE!,"1,056,183","9,785","60,249","138,418",,"222,293","651,855","182,035",
"   Rate per 100,000 inhabitants",,6.1,#VALUE!,,#VALUE!,"3,118.2",28.9,177.9,408.7,,656.3,"1,924.5",537.4,
,,,,,,,,,,,,,,
COLORADO,,,,, ,, ,, ,,,, ,
,, , ,,, , ,,,,,,,
Metropolitan Statistical Area,"3,595,433",,, ,,,,, ,,,,,
   Area actually reporting,98.0%,118,"145,204",,"12,550","132,654","1,533","2,884","8,015",,"23,361","93,677","15,616",
   Estimated totals,100.0%,121,"148,722",,"12,805","135,917","1,562","2,945","8,177",,"23,812","96,099","16,006",
Cities outside metropolitan areas,"322,921",,, ,,,,,,,,,,
   Area actually reporting,89.7%,7,"14,865",,964,"13,901",141,71,745,,"2,000","11,357",544,
   Estimated totals,100.0%,8,"16,568",,"1,074","15,494",157,79,830,,"2,229","12,659",606,
Rural,"382,907",,,,,,,,,,,,,
   Area actually reporting,94.2%,5,#VALUE!,,#VALUE!,"5,206",52,9,394,,"1,029","3,848",329,
   Estimated totals,100.0%,5,#VALUE!,,#VALUE!,"5,526",55,10,418,,"1,092","4,085",349,
State Total,"4,301,261",134,#VALUE!,,#VALUE!,"156,937","1,774","3,034","9,425",,"27,133","112,843","16,961",
"   Rate per 100,000 inhabitants",,3.1,#VALUE!, ,#VALUE!,"3,648.6",41.2,70.5,219.1,,630.8,"2,623.5",394.3,
,, ,,,, , ,, ,, , ,,
CONNECTICUT,,,,, , ,,,,,,,,
,,,,,, ,,,,,,,,
Metropolitan Statistical Area,"2,836,568",,,,,,,,,,,,,
   Area actually reporting,100.0%,97,"99,866", ,"9,740","90,126",607,"3,720","5,316",,"15,154","62,619","12,353",
Cities outside metropolitan areas,"72,942",,,,,,,,,,,,,
   Area actually reporting,100.0%,--,"2,295",,227,"2,068",9,33,185,,370,"1,577",121,
Rural,"496,055",,,,,,,,,,,,,
   Area actually reporting,100.0%,1,"7,930",,"1,091","6,839",62,79,949,,"1,912","4,302",625,
State Total,"3,405,565",98,#VALUE!,,"11,058", ,678,"3,832","6,450",,"17,436","68,498","13,099",
"   Rate per 100,000 inhabitants",,2.9,#VALUE!, ,324.7,#VALUE!,19.9,112.5,189.4,,512.0,"2,011.4",384.6,
,, ,,,, , , , ,, , ,,
DELAWARE4,,,,,,,,,,, ,,,
,,, ,,,,,,,,,,,
Metropolitan Statistical Area,"642,152",,,,,,,,,,,,,
   Area actually reporting,100.0%,22,, ,,"25,526",,"1,280",296,,"4,193","18,333","3,000",
Cities outside metropolitan areas,"34,223",,,,,,,,,,,,,
   Area actually reporting,100.0%,,,,,"1,795",,66,216,,293,"1,449",53,
Rural,"107,225",,,,,, ,,,,,,,
   Area actually reporting,100.0%,3,,,,"2,406",,48,508,,730,"1,578",98,
State Total,"783,600",25,"35,090",,"5,363","29,727",424,"1,394","3,520",,"5,216","21,360","3,151",
"   Rate per 100,000 inhabitants",,3.2,"4,478.1",,684.4,"3,793.6",54.1,177.9,449.2,,665.6,"2,725.9",402.1,
,, ,,,,,,, ,, , ,,
DISTRICT OF COLUMBIA5,,, ,, , ,,,,,,,,
,,,,, ,,,,,,,,,
Metropolitan Statistical Area,"572,059",,,,,,,,,,,,,
   Area actually reporting,100.0%,239,"41,626",,"8,626","33,000",251,"3,554","4,582",,"4,745","21,655","6,600",
Cities outside metropolitan areas,None,,, ,,,,,,,,,,
Rural,None,,, ,,,,,,,,,,
Total,"572,059",239,"41,626",,"8,626","33,000",251,"3,554","4,582",,"4,745","21,655","6,600",
"   Rate per 100,000 inhabitants",,41.8,"7,276.5",,"1,507.9","5,768.6",43.9,621.3,801.0,,829.5,"3,785.4","1,153.7",
,, ,,, ,, , ,,, , ,,
FLORIDA,,,,,,,,,,,,,,
,,,,,,,,,,,,,,
Metropolitan Statistical Area,"14,863,033",,,, , ,,,,,,,,
   Area actually reporting,99.5%,840,"859,616",,"122,600","737,016","6,574","30,780","84,406",,"160,867","489,951","86,198",
   Estimated totals,100.0%,842,"863,932",,"123,095","740,837","6,597","30,914","84,742",,"161,641","492,580","86,616",
Cities outside metropolitan areas,"244,578",,,,,,,,,,,,,
   Area actually reporting,90.3%,18,"15,475",,"2,179","13,296",110,452,"1,599",,"3,066","9,405",825,
   Estimated totals,100.0%,20,"17,147",,"2,415","14,732",122,501,"1,772",,"3,397","10,421",914,
Rural,"874,767",,, ,,,,,,,,,,
   Area actually reporting,93.1%,38,#VALUE!,,#VALUE!,"23,091",315,367,"3,252",,"7,316","14,238","1,537",
   Estimated totals,100.0%,41,#VALUE!,,#VALUE!,"24,808",338,394,"3,494",,"7,860","15,297","1,651",
State Total,"15,982,378",903,#VALUE!,,#VALUE!,"780,377","7,057","31,809","90,008",,"172,898","518,298","89,181",
"   Rate per 100,000 inhabitants",,5.6,#VALUE!, ,#VALUE!,"4,882.7",44.2,199.0,563.2,0.0,"1,081.8","3,242.9",558.0,
,,,,, ,,,,,,,,,
GEORGIA,,, ,,,,,,,,,,,
,,, ,,,,,,,,,,,
Metropolitan Statistical Area,"5,660,230",,,,,,,,,,,,,
   Area actually reporting,98.4%,474,"284,929",,"30,084","254,845","1,462","11,304","16,844",,"49,389","172,496","32,960",
   Estimated totals,100.0%,481,"291,302",,"30,604","260,698","1,489","11,476","17,158",,"50,278","176,886","33,534",
Cities outside metropolitan areas,"918,038",,,,,,,,,,,,,
   Area actually reporting,86.8%,75,"51,239",,"5,946","45,293",246,"1,186","4,439",,"7,801","35,321","2,171",
   Estimated totals,100.0%,86,"59,050",,"6,853","52,197",284,"1,367","5,116",,"8,990","40,705","2,502",
Rural,"1,608,185",,, ,,,,,,,,,,
   Area actually reporting,83.0%,70,#VALUE!,,#VALUE!,"28,823",162,338,"2,635",,"7,651","18,960","2,212",
   Estimated totals,100.0%,84,#VALUE!,,#VALUE!,"34,735",195,407,"3,176",,"9,220","22,849","2,666",
State Total,"8,186,453",651,#VALUE!,,#VALUE!,"347,630","1,968","13,250","25,450",,"68,488","240,440","38,702",
"   Rate per 100,000 inhabitants",,8.0,#VALUE!, ,#VALUE!,"4,246.4",24.0,161.9,310.9,0.0,836.6,"2,937.0",472.8,
,,,,,,,,,,,,,,
HAWAII,,,,, , ,,,,,,,,
,,,,,,,,,,,,,,
Metropolitan Statistical Area,"883,621",,,,,,,,,,,,,
   Area actually reporting,100.0%,20,"46,659",,"2,302","44,357",240,984,"1,058",,"6,946","32,197","5,214",
Cities outside metropolitan areas,None,,,,,,,,,,,,,
Rural,"327,916",,,,,,,,,,,,,
   Area actually reporting,100.0%,15,"16,328", ,652,"15,676",106,139,392,,"3,719","11,057",900,
State Total,"1,211,537",35,"62,987",,"2,954","60,033",346,"1,123","1,450",,"10,665","43,254","6,114",
"   Rate per 100,000 inhabitants",,2.9,"5,198.9", ,243.8,"4,955.1",28.6,92.7,119.7,0.0,880.3,"3,570.2",504.6,
,,, ,,,,,,,,,,,
IDAHO,,, ,,,,,,,,,,,
,,,,, ,,,,,,,,,
Metropolitan Statistical Area,"499,021",,,,, ,,,,,,,,
   Area actually reporting,100.0%,6,"19,687",,"1,489","18,198",156,112,"1,215",,"3,411","13,836",951,
Cities outside metropolitan areas,"374,974",,,,,,,,,,,,,
   Area actually reporting,96.9%,2,"14,524",,"1,050","13,474",125,89,834,,"2,361","10,448",665,
   Estimated totals,100.0%,2,"14,978",,"1,083","13,895",129,92,860,,"2,435","10,774",686,
Rural,"419,958",,, ,,,,,,,,,,
   Area actually reporting,100.0%,8,#VALUE!,,#VALUE!,"5,863",99,19,569,,"1,483","3,931",449,
State Total,"1,293,953",16,#VALUE!,,#VALUE!,"37,961",384,223,"2,644",,"7,330","28,545","2,086",
"   Rate per 100,000 inhabitants",,1.2,#VALUE!, ,#VALUE!,"2,933.7",29.7,17.2,204.3,0.0,566.5,"2,206.0",161.2,
,,,,,,,,,,,,,,
ILLINOIS6,,, ,, , ,,,,,,,,
,,,,,,,,,,,,,,
State Total,"12,419,293",891,"532,315",,"81,567","450,748","4,090","25,758","50,828",,"81,913","312,692","56,143",
"   Rate per 100,000 inhabitants",,7.2,"4,286.2", ,656.8,"3,629.4",32.9,207.4,409.3,0.0,659.6,"2,517.8",452.1,
,,,,,,,,,,,,,,
INDIANA,,,,, , ,,,,,,,,
,,, ,,,,,,,,,,,
Metropolitan Statistical Area,"4,364,592",,,,,,,,,,,,,
   Area actually reporting,86.0%,285,"157,922", ,"16,254","141,668","1,256","5,564","9,149",,"28,208","97,222","16,238",
   Estimated totals,100.0%,298,"175,947",,"17,418","158,529","1,367","5,780","9,973",,"31,088","109,856","17,585",
Cities outside metropolitan areas,"592,106",,,,,,,,,,,,,
   Area actually reporting,82.9%,21,"24,661",,"1,171","23,490",146,297,707,,"3,734","18,374","1,382",
   Estimated totals,100.0%,25,"29,747",,"1,412","28,335",176,358,853,,"4,504","22,164","1,667",
Rural,"1,123,787",,,,,,,,,,,,,
   Area actually reporting,41.6%,12,#VALUE!,,#VALUE!,"8,342",90,60,837,,"2,296","5,281",765,
   Estimated totals,100.0%,29,#VALUE!,,#VALUE!,"20,041",216,144,"2,011",,"5,516","12,687","1,838",
State Total,"6,080,485",352,#VALUE!,,#VALUE!,"206,905","1,759","6,282","12,837",,"41,108","144,707","21,090",
"   Rate per 100,000 inhabitants",,5.8,#VALUE!, ,#VALUE!,"3,402.8",28.9,103.3,211.1,0.0,676.1,"2,379.9",346.8,
,,,,,,,,,,,,,,
IOWA,,, , ,,,,,,,,,,
,,, ,,,,,,,,,,,
Metropolitan Statistical Area,"1,224,746",,,, ,,,,,,,,,
   Area actually reporting,99.2%,36,"57,878",,"5,183","52,695",445,902,"3,800",,"9,343","39,635","3,717",
   Estimated totals,100.0%,36,"58,316",,"5,213","53,103",449,906,"3,822",,"9,404","39,953","3,746",
Cities outside metropolitan areas,"804,708",,,,,,,,,,,,,
   Area actually reporting,86.2%,8,"25,209",,"1,826","23,383",160,136,"1,522",,"4,083","18,303",997,
   Estimated totals,100.0%,9,"29,231",,"2,118","27,113",186,158,"1,765",,"4,734","21,223","1,156",
Rural,"896,870",,,,,,,,,,,,,
   Area actually reporting,100.0%,1,"7,083",,465,"6,618",41,7,416,,"2,204","3,942",472,
State Total,"2,926,324",46,"94,630",,"7,796","86,834",676,"1,071","6,003",,"16,342","65,118","5,374",
"   Rate per 100,000 inhabitants",,1.6,"3,233.7", ,266.4,"2,967.3",23.1,36.6,205.1,0.0,558.4,"2,225.2",183.6,
,,,,,,,,,,,,,,
KANSAS6,,, ,, , ,,,,,,,,
,,,,,,,,,,,,,,
State Total,"2,688,418",169,"118,527",,"10,470","108,057","1,022","2,048","7,231",,"21,484","80,077","6,496",
"   Rate per 100,000 inhabitants",,6.3,"4,408.8", ,389.4,"4,019.4",38.0,76.2,269.0,0.0,799.1,"2,978.6",241.6,
,,, ,,,,,,,,,,,
KENTUCKY6,,, ,,, ,,,,,,,,
,,,,,,,,,,,,,,
State Total,"4,041,769",193,"119,626",,"11,903","107,723","1,091","3,256","7,363",,"25,308","73,141","9,274",
"   Rate per 100,000 inhabitants",,4.8,"2,959.7", ,294.5,"2,665.2",27.0,80.6,182.2,0.0,626.2,"1,809.6",229.5,
,,,,,,,,,,,,,,
LOUISIANA,,,,,,,,,,,,,,
,,, ,,,,,,,,,,,
Metropolitan Statistical Area,"3,360,587",, ,, , ,,,,,,,,
   Area actually reporting,96.1%,467,"197,577",,"23,500","174,077","1,214","6,848","14,971",,"36,624","117,875","19,578",
   Estimated totals,100.0%,474,"204,275",,"24,250","180,025","1,250","6,983","15,543",,"37,834","122,155","20,036",
Cities outside metropolitan areas,"385,778",,,,,,,,,,,,,
   Area actually reporting,77.1%,22,"16,191",,"2,285","13,906",81,248,"1,934",,"3,157","10,295",454,
   Estimated totals,100.0%,29,"21,002",,"2,965","18,037",105,322,"2,509",,"4,095","13,353",589,
Rural,"722,611",,,,,,,,,,,,,
   Area actually reporting,92.8%,53,#VALUE!,,#VALUE!,"12,842",132,211,"2,597",,"4,045","8,199",598,
   Estimated totals,100.0%,57,#VALUE!,,#VALUE!,"13,842",142,227,"2,799",,"4,360","8,837",645,
State Total,"4,468,976",560,#VALUE!,,#VALUE!,"211,904","1,497","7,532","20,851",,"46,289","144,345","21,270",
"   Rate per 100,000 inhabitants",,12.5,#VALUE!, ,#VALUE!,"4,741.7",33.5,168.5,466.6,0.0,"1,035.8","3,229.9",475.9,
,,,,,,,,,,,,,,
MAINE,,, ,,,,,,,,,,,
,,, ,, , ,,,,,,,,
Metropolitan Statistical Area,"477,927",,,,,,,,,,,,,
   Area actually reporting,100.0%,2,"14,787",,654,"14,133",167,164,321,,"2,717","10,903",513,
Cities outside metropolitan areas,"432,856",,,,,,,,,,,,,
   Area actually reporting,99.0%,4,"13,180",,553,"12,627",109,65,375,,"2,087","10,063",477,
   Estimated totals,100.0%,4,"13,309",,559,"12,750",110,66,379,,"2,107","10,161",482,
Rural,"364,140",,,,,,,,,,,,,
   Area actually reporting,100.0%,9,#VALUE!,,#VALUE!,"5,120",43,17,115,,"1,951","2,842",327,
State Total,"1,274,923",15,#VALUE!,,#VALUE!,"32,003",320,247,815,,"6,775","23,906","1,322",
"   Rate per 100,000 inhabitants",,1.2,#VALUE!, ,#VALUE!,"2,510.2",25.1,19.4,63.9,0.0,531.4,"1,875.1",103.7,
,,, ,,,,,,,,,,,
MARYLAND,,, ,,,,,,,,,,,
,,,,, , ,,,,,,,,
Metropolitan Statistical Area,"4,909,697",,,,,,,,,,,,,
   Area actually reporting,100.0%,417,"240,480",,"39,516","200,964","1,427","13,279","24,393",,"36,654","136,299","28,011",
Cities outside metropolitan areas,"93,537",,,,,,,,,,,,,
   Area actually reporting,100.0%,2,"8,455",,"1,160","7,295",49,212,897,,"1,260","5,731",304,
Rural,"293,252",,,,,,,,,,,,,
   Area actually reporting,100.0%,11,#VALUE!,,#VALUE!,"5,163",67,69,840,,"1,512","3,393",258,
State Total,"5,296,486",430,#VALUE!,,#VALUE!,"213,422","1,543","13,560","26,130",,"39,426","145,423","28,573",
"   Rate per 100,000 inhabitants",,8.1,#VALUE!, ,#VALUE!,"4,029.5",29.1,256.0,493.3,0.0,744.4,"2,745.7",539.5,
,,,,, , ,,,,,,,,
MASSACHUSETTS,,,,,,,,,,,,,,
,,, ,,,,,,,,,,,
Metropolitan Statistical Area,"6,039,345",,,,,,,,,,,,,
   Area actually reporting,97.5%,120,"178,018",,"26,952","151,066","1,589","5,721","19,522",,"27,897","98,159","25,010",
   Estimated totals,100.0%,121,"182,831",,"28,920","153,911","1,611","5,774","21,414",,"28,393","100,180","25,338",
Cities outside metropolitan areas,"300,054",,,,,,,,,,,,,
   Area actually reporting,91.8%,4,"8,235",,920,"7,315",77,38,801,,"2,021","4,805",489,
   Estimated totals,100.0%,4,"9,273",,"1,304","7,969",84,41,"1,175",,"2,202","5,234",533,
Rural,"9,697",,,,,,,,,,,,,
   Area actually reporting,100.0%,--,27,,6,21,1,--,5,,5,11,5,
State Total,"6,349,097",125,"192,131",,"30,230","161,901","1,696","5,815","22,594",,"30,600","105,425","25,876",
"   Rate per 100,000 inhabitants",,2.0,"3,026.1", ,476.1,"2,550.0",26.7,91.6,355.9,0.0,482.0,"1,660.5",407.6,
,,,,,,,,,,,,,,
MICHIGAN,,, ,,,,,,,,,,,
,,,,, ,,,,,,,,,
Metropolitan Statistical Area,"8,197,026",,,,,,,,,,,,,
   Area actually reporting,98.4%,629,"358,981",,"50,794","308,187","3,892","13,461","32,812",,"59,573","195,545","53,069",
   Estimated totals,100.0%,631,"363,797", ,"51,242","312,555","3,937","13,554","33,120",,"60,261","198,665","53,629",
Cities outside metropolitan areas,"597,951",,,,,,,,,,,,,
   Area actually reporting,91.4%,5,"17,946", ,"1,209","16,737",261,74,869,,"2,161","13,918",658,
   Estimated totals,100.0%,5,"19,629",,"1,322","18,307",285,81,951,,"2,364","15,223",720,
Rural,"1,143,467",,,,,,,,,,,,,
   Area actually reporting,98.1%,32,#VALUE!,,#VALUE!,"22,020",788,76,"1,651",,"7,032","13,638","1,350",
   Estimated totals,100.0%,33,#VALUE!,,#VALUE!,"22,435",803,77,"1,682",,"7,165","13,895","1,375",
State Total,"9,938,444",669,#VALUE!,,#VALUE!,"353,297","5,025","13,712","35,753",,"69,790","227,783","55,724",
"   Rate per 100,000 inhabitants",,6.7,#VALUE!, ,#VALUE!,"3,554.9",50.6,138.0,359.7,0.0,702.2,"2,291.9",560.7,
,,,,,,,,,,,,,,
MINNESOTA7,,,,, , ,,,,,,,,
,,, ,,,,,,,,,,,
Metropolitan Statistical Area,"3,457,850",,,,,,,,,,,,,
   Area actually reporting,99.9%,123,"134,564",,"11,620","122,944","1,617","3,582","6,298",,"18,591","93,254","11,099",
   Estimated totals,100.0%,123,"134,589",,"11,621","122,968","1,617","3,582","6,299",,"18,594","93,274","11,100",
Cities outside metropolitan areas,"556,013",,,,,,,,,,,,,
   Area actually reporting,100.0%,10,"21,758",,"1,265","20,493",304,95,856,,"3,012","16,341","1,140",
Rural,"905,616",,,,,,,,,,,,,
   Area actually reporting,100.0%,18,#VALUE!,,#VALUE!,"14,337",319,36,554,,"4,510","8,635","1,192",
State Total,"4,919,479",151,#VALUE!,,#VALUE!,"157,798","2,240","3,713","7,709",,"26,116","118,250","13,432",
"   Rate per 100,000 inhabitants",,3.1,#VALUE!, ,#VALUE!,"3,207.6",45.5,75.5,156.7,0.0,530.9,"2,403.7",273.0,
,,, ,,,,,,,,,,,
MISSISSIPPI,,,,,,,,,,,,,,
,,, ,,, ,,,,,,,,
Metropolitan Statistical Area,"1,024,685",, ,, ,,,,,,,,,
   Area actually reporting,84.2%,53,"45,463",,"3,266","42,197",369,"1,165","1,679",,"9,150","29,786","3,261",
   Estimated totals,100.0%,64,"50,696",,"3,596","47,100",421,"1,253","1,858",,"10,552","33,019","3,529",
Cities outside metropolitan areas,"680,988",,,,,,,,,,,,,
   Area actually reporting,70.8%,61,"30,544",,"2,357","28,187",268,769,"1,259",,"6,493","20,116","1,578",
   Estimated totals,100.0%,86,"43,120",,"3,325","39,795",379,"1,084","1,776",,"9,168","28,403","2,224",
Rural,"1,138,985",,,,,,,,,,,,,
   Area actually reporting,41.2%,43,#VALUE!,,#VALUE!,"6,879",90,150,"1,092",,"2,960","3,421",498,
   Estimated totals,100.0%,105,#VALUE!,,#VALUE!,"16,710",219,364,"2,653",,"7,190","8,310","1,210",
State Total,"2,844,658",255,#VALUE!,,#VALUE!,"103,644","1,019","2,703","6,290",,"26,918","69,758","6,968",
"   Rate per 100,000 inhabitants",,9.0,#VALUE!, ,#VALUE!,"3,643.5",35.8,95.0,221.1,0.0,946.3,"2,452.2",245.0,
,,,,,,,,,,,,,,
MISSOURI,,,,,,,,,,,,,,
,,, ,,, ,,,,,,,,
Metropolitan Statistical Area,"3,803,850",, ,, ,,,,,,,,,
   Area actually reporting,95.2%,308,"204,680",,"22,606","182,074",959,"7,208","14,131",,"31,510","127,993","22,571",
   Estimated totals,100.0%,312,"210,469",,"23,026","187,443",988,"7,294","14,432",,"32,389","132,058","22,996",
Cities outside metropolitan areas,"531,581",,,,,,,,,,,,,
   Area actually reporting,87.7%,10,"23,126",,"2,018","21,108",181,224,"1,603",,"3,470","16,858",780,
   Estimated totals,100.0%,11,"26,375",,"2,300","24,075",206,255,"1,828",,"3,958","19,227",890,
Rural,"1,259,780",,,,,,,,,,,,,
   Area actually reporting,51.4%,12,#VALUE!,,#VALUE!,"7,406",81,25,958,,"2,745","4,245",416,
   Estimated totals,100.0%,24,#VALUE!,,#VALUE!,"14,401",157,49,"1,863",,"5,338","8,254",809,
State Total,"5,595,211",347,#VALUE!,,#VALUE!,"225,919","1,351","7,598","18,123",,"41,685","159,539","24,695",
"   Rate per 100,000 inhabitants",,6.2,#VALUE!, ,#VALUE!,"4,037.7",24.1,135.8,323.9,0.0,745.0,"2,851.3",441.4,
,,, ,,,,,,,,,,,
MONTANA6,,, ,, , ,,,,,,,,
,,,,,,,,,,,,,,
State Total,"902,195",16,"31,878",,"2,171","29,707",301,249,"1,605",,"3,946","23,805","1,956",
"   Rate per 100,000 inhabitants",,1.8,"3,533.4", ,240.6,"3,292.7",33.4,27.6,177.9,0.0,437.4,"2,638.6",216.8,
,,, ,, ,,,,,,,,,
NEBRASKA,,,,,, ,,,,,,,,
,,,,,,,,,,,,,,
Metropolitan Statistical Area,"892,842",,,,,,,,,,,,,
   Area actually reporting,100.0%,46,"47,967",,"4,665","43,302",303,"1,065","3,251",,"6,283","32,674","4,345",
Cities outside metropolitan areas,"409,604",,,,,,,,,,,,,
   Area actually reporting,90.0%,7,"14,489",,577,"13,912",77,65,428,,"2,078","11,288",546,
   Estimated totals,100.0%,8,"16,093",,641,"15,452",86,72,475,,"2,308","12,538",606,
Rural,"408,817",,,,,,,,,,,,,
   Area actually reporting,94.1%,8,#VALUE!,,#VALUE!,"5,385",44,9,220,,"1,449","3,674",262,
   Estimated totals,100.0%,9,#VALUE!,,#VALUE!,"5,725",47,10,234,,"1,540","3,906",279,
State Total,"1,711,263",63,#VALUE!,,#VALUE!,"64,479",436,"1,147","3,960",,"10,131","49,118","5,230",
"   Rate per 100,000 inhabitants",,3.7,#VALUE!, ,#VALUE!,"3,767.9",25.5,67.0,231.4,0.0,592.0,"2,870.3",305.6,
,,, ,, ,,,,,,,,,
NEVADA,,, ,,, ,,,,,,,,
,,,,,,,,,,,,,,
Metropolitan Statistical Area,"1,730,344",,,,,,,,,,,,,
   Area actually reporting,100.0%,122,"78,498",,"9,637","68,861",769,"4,469","4,277",,"16,059","40,008","12,794",
Cities outside metropolitan areas,"54,155",,,,,,,,,,,,,
   Area actually reporting,100.0%,1,"1,885",,147,"1,738",18,27,101,,287,"1,356",95,
Rural,"213,758",,,,,,,,,,,,,
   Area actually reporting,100.0%,6,#VALUE!,,#VALUE!,"4,224",73,47,564,,"1,180","2,761",283,
State Total,"1,998,257",129,#VALUE!,,#VALUE!,"74,823",860,"4,543","4,942",,"17,526","44,125","13,172",
"   Rate per 100,000 inhabitants",,6.5,#VALUE!, ,#VALUE!,"3,744.4",43.0,227.3,247.3,0.0,877.1,"2,208.2",659.2,
,,,,,,,,,,,,,,
NEW HAMPSHIRE8,,, ,, , ,,,,,,,,
,,,,,,,,,,,,,,
Metropolitan Statistical Area,"752,094",,,,,,,,,,,,,
   Area actually reporting,73.8%,12,"15,892",,"1,260","14,632",243,366,639,,"2,503","10,748","1,381",
   Estimated totals,100.0%,12,"19,452",,"1,482","17,970",315,399,756,,"3,077","13,226","1,667",
Cities outside metropolitan areas,"393,235",,,,,,,,,,,,,
   Area actually reporting,62.8%,1,"6,227",,363,"5,864",104,32,226,,"1,049","4,533",282,
   Estimated totals,100.0%,2,"9,916",,579,"9,337",166,51,360,,"1,670","7,218",449,
Rural,"90,457",,,,,,,,,,,,,
   Area actually reporting,72.3%,6,506,,77,429,30,2,39,,177,229,23,
   Estimated totals,100.0%,8,700,,106,594,41,3,54,,245,317,32,
State Total,"1,235,786",22,"30,068",,"2,167","27,901",522,453,"1,170",,"4,992","20,761","2,148",
"   Rate per 100,000 inhabitants",,1.8,"2,433.1", ,175.4,"2,257.8",42.2,36.7,94.7,0.0,404.0,"1,680.0",173.8,
,,,,,,,,,,,,,,
NEW JERSEY,,, ,, , ,,,,,,,,
,,, ,,,,,,,,,,,
Metropolitan Statistical Area,"8,414,350",,,,,,,,,,,,,
   Area actually reporting,100.0%,289,"265,935",,"32,298","233,637","1,357","13,553","17,099",,"43,924","155,562","34,151",
Cities outside metropolitan areas,None,,,,,,,,,,,,,
Rural,None,,,,,,,,,,,,,
State Total,"8,414,350",289,"265,935",,"32,298","233,637","1,357","13,553","17,099",,"43,924","155,562","34,151",
"   Rate per 100,000 inhabitants",,3.4,"3,160.5", ,383.8,"2,776.6",16.1,161.1,203.2,0.0,522.0,"1,848.8",405.9,
,,,,,,,,,,,,,,
NEW MEXICO,,,,,,,,,,,,,,
,,, ,,,,,,,,,,,
Metropolitan Statistical Area,"1,039,880",,,, , ,,,,,,,,
   Area actually reporting,90.4%,68,"63,650",,"7,902","55,748",452,"1,987","5,395",,"13,129","36,811","5,808",
   Estimated totals,100.0%,76,"67,070",,"8,464","58,606",487,"2,067","5,834",,"14,055","38,427","6,124",
Cities outside metropolitan areas,"454,432",,,,,,,,,,,,,
   Area actually reporting,84.9%,33,"23,712",,"3,555","20,157",273,320,"2,929",,"4,865","14,455",837,
   Estimated totals,100.0%,39,"27,914",,"4,185","23,729",321,377,"3,448",,"5,727","17,017",985,
Rural,"324,734",,,,,,,,,,,,,
   Area actually reporting,87.9%,18,#VALUE!,,#VALUE!,"3,752",100,48,833,,"1,368","2,180",204,
   Estimated totals,100.0%,20,#VALUE!,,#VALUE!,"4,270",114,55,948,,"1,557","2,481",232,
State Total,"1,819,046",135,#VALUE!,,#VALUE!,"86,605",922,"2,499","10,230",,"21,339","57,925","7,341",
"   Rate per 100,000 inhabitants",,7.4,#VALUE!, ,#VALUE!,"4,761.0",50.7,137.4,562.4,0.0,"1,173.1","3,184.4",403.6,
,,,,,,,,,,,,,,
NEW YORK,,,,,,,,,,,,,,
,,, ,, , ,,,,,,,,
Metropolitan Statistical Area,"17,434,460",, ,,,,,,,,,,,
   Area actually reporting,84.3%,887,"500,024",,"97,093","402,931","2,887","39,656","53,663",,"71,216","280,647","51,068",
   Estimated totals,100.0%,927,"554,374",,"101,681","452,693","3,291","40,240","57,223",,"80,875","318,500","53,318",
Cities outside metropolitan areas,"629,016",,,,,,,,,,,,,
   Area actually reporting,95.4%,7,"17,903",,"1,559","16,344",119,210,"1,223",,"2,851","13,050",443,
   Estimated totals,100.0%,7,"18,776",,"1,635","17,141",125,220,"1,283",,"2,990","13,686",465,
Rural,"912,981",,,,,,,,,,,,,
   Area actually reporting,100.0%,18,#VALUE!,,#VALUE!,"13,244",114,79,"1,584",,"4,081","8,715",448,
State Total,"18,976,457",952,#VALUE!,,#VALUE!,"483,078","3,530","40,539","60,090",,"87,946","340,901","54,231",
"   Rate per 100,000 inhabitants",,5.0,#VALUE!, ,#VALUE!,"2,545.7",18.6,213.6,316.7,0.0,463.4,"1,796.4",285.8,
,,,,,,,,,,,,,,
NORTH CAROLINA,,, ,,,,,,,,,,,
,,,,, , ,,,,,,,,
Metropolitan Statistical Area,"5,403,858",, ,,,,,,,,,,,
   Area actually reporting,97.5%,359,"284,891",,"29,747","255,144","1,492","10,270","17,626",,"65,064","170,778","19,302",
   Estimated totals,100.0%,363,"289,810",,"30,113","259,697","1,516","10,357","17,877",,"66,310","173,829","19,558",
Cities outside metropolitan areas,"814,422",,,,,,,,,,,,,
   Area actually reporting,95.1%,70,"54,211",,"5,150","49,061",266,"1,446","3,368",,"12,187","34,484","2,390",
   Estimated totals,100.0%,74,"56,996",,"5,415","51,581",280,"1,520","3,541",,"12,813","36,255","2,513",
Rural,"1,831,033",,,,,,,,,,,,,
   Area actually reporting,99.3%,122,#VALUE!,,#VALUE!,"44,326",382,713,"3,274",,"18,632","22,522","3,172",
   Estimated totals,100.0%,123,#VALUE!,,#VALUE!,"44,643",385,718,"3,297",,"18,765","22,683","3,195",
State Total,"8,049,313",560,#VALUE!,,#VALUE!,"355,921","2,181","12,595","24,715",,"97,888","232,767","25,266",
"   Rate per 100,000 inhabitants",,7.0,#VALUE!,,#VALUE!,"4,421.8",27.1,156.5,307.0,0.0,"1,216.1","2,891.8",313.9,
,,,, ,,,,,,,,,,
NORTH DAKOTA,,,,,,,,,,,,,,
,,, ,,, ,,,,,,,,
Metropolitan Statistical Area,"278,722",,,, ,,,,,,,,,
   Area actually reporting,99.0%,2,"8,624",,298,"8,326",102,40,154,,"1,044","6,701",581,
   Estimated totals,100.0%,2,"8,721",,300,"8,421",103,40,155,,"1,053","6,782",586,
Cities outside metropolitan areas,"147,559",,,,,,,,,,,,,
   Area actually reporting,87.8%,2,"3,572",,138,"3,434",41,14,81,,449,"2,763",222,
   Estimated totals,100.0%,2,"4,067",,157,"3,910",47,16,92,,511,"3,146",253,
Rural,"215,919",,,,,,,,,,,,,
   Area actually reporting,85.3%,--,"1,625",,56,"1,569",16,--,40,,451,993,125,
   Estimated totals,100.0%,--,"1,906",,66,"1,840",19,--,47,,529,"1,164",147,
State Total,"642,200",4,"14,694",,523,"14,171",169,56,294,,"2,093","11,092",986,
"   Rate per 100,000 inhabitants",,0.6,"2,288.1", ,81.4,"2,206.6",26.3,8.7,45.8,0.0,325.9,"1,727.2",153.5,
,,,,,,,,,,,,,,
OHIO,,,,,,,,,,,,,,
,,, ,, , ,,,,,,,,
Metropolitan Statistical Area,"9,181,985",, ,,,,,,,,,,,
   Area actually reporting,76.9%,335,"336,161",,"32,048","304,113","3,298","13,939","14,476",,"66,109","205,378","32,626",
   Estimated totals,100.0%,361,"396,514",,"35,108","361,406","3,795","14,990","15,962",,"76,019","249,324","36,063",
Cities outside metropolitan areas,"800,149",,,,,,,,,,,,,
   Area actually reporting,60.6%,13,"23,546",,"1,146","22,400",172,313,648,,"3,657","17,848",895,
   Estimated totals,100.0%,22,"38,767",,"1,889","36,878",283,514,"1,070",,"6,018","29,387","1,473",
Rural,"1,371,006",,,,,,,,,,,,,
   Area actually reporting,62.5%,22,#VALUE!,,#VALUE!,"14,103",120,65,377,,"4,115","9,059",929,
   Estimated totals,100.0%,35,#VALUE!,,#VALUE!,"22,555",192,104,603,,"6,581","14,488","1,486",
State Total,"11,353,140",418,#VALUE!,,#VALUE!,"420,939","4,271","15,610","17,636",,"88,636","293,277","39,026",
"   Rate per 100,000 inhabitants",,3.7,#VALUE!, ,#VALUE!,"3,707.7",37.6,137.5,155.3,0.0,780.7,"2,583.2",343.7,
,,,,,,,,,,,,,,
OKLAHOMA,,, ,,,,,,,,,,,
,,, ,, ,,,,,,,,,
Metropolitan Statistical Area,"2,089,878",,,,,,,,,,,,,
   Area actually reporting,100.0%,104,"115,825",,"12,128","103,697","1,044","2,253","8,727",,"21,464","72,340","9,893",
Cities outside metropolitan areas,"699,748",,,,,,,,,,,,,
   Area actually reporting,100.0%,38,"31,979", ,"3,477","28,502",262,312,"2,865",,"7,038","19,839","1,625",
Rural,"661,028",,,,,,,,,,,,,
   Area actually reporting,100.0%,40,#VALUE!,,#VALUE!,"7,926",116,50,"1,366",,"3,159","3,937",830,
State Total,"3,450,654",182,#VALUE!,,#VALUE!,"140,125","1,422","2,615","12,958",,"31,661","96,116","12,348",
"   Rate per 100,000 inhabitants",,5.3,#VALUE!, ,#VALUE!,"4,060.8",41.2,75.8,375.5,0.0,917.5,"2,785.4",357.8,
,,,,,,,,,,,,,,
OREGON,,, ,, ,,,,,,,,,
,,, ,,,,,,,,,,,
Metropolitan Statistical Area,"2,489,213",,,,,,,,,,,,,
   Area actually reporting,99.9%,55,"130,811",,"10,250","120,561","1,010","2,577","6,608",,"18,987","89,743","11,831",
   Estimated totals,100.0%,55,"130,949",,"10,257","120,692","1,011","2,579","6,612",,"19,007","89,843","11,842",
Cities outside metropolitan areas,"419,563",,,,,,,,,,,,,
   Area actually reporting,98.7%,4,"24,280",,"1,071","23,209",138,239,690,,"3,879","18,000","1,330",
   Estimated totals,100.0%,4,"24,591", ,"1,085","23,506",140,242,699,,"3,929","18,230","1,347",
Rural,"512,623",,,,,,,,,,,,,
   Area actually reporting,93.9%,10,#VALUE!,,#VALUE!,"9,000",127,63,418,,"2,519","5,783",698,
   Estimated totals,100.0%,11,#VALUE!,,#VALUE!,"9,582",135,67,445,,"2,682","6,157",743,
State Total,"3,421,399",70,#VALUE!,,#VALUE!,"153,780","1,286","2,888","7,756",,"25,618","114,230","13,932",
"   Rate per 100,000 inhabitants",,2.0,#VALUE!, ,#VALUE!,"4,494.7",37.6,84.4,226.7,0.0,748.8,"3,338.7",407.2,
,,,,,,,,,,,,,,
PENNSYLVANIA,,,,,,,,,,,,,,
,,, ,,, ,,,,,,,,
Metropolitan Statistical Area,"10,384,031",,,,,,,,,,,,,
   Area actually reporting,94.5%,558,"316,177",,"46,323","269,854","2,647","17,475","25,643",,"44,835","191,876","33,143",
   Estimated totals,100.0%,567,"329,701",,"47,592","282,109","2,724","17,772","26,529",,"46,457","201,550","34,102",
Cities outside metropolitan areas,"800,954",,,,,,,,,,,,,
   Area actually reporting,81.6%,11,"16,864",,"1,856","15,008",192,197,"1,456",,"2,201","12,012",795,
   Estimated totals,100.0%,14,"20,659",,"2,274","18,385",235,241,"1,784",,"2,696","14,715",974,
Rural,"1,096,069",,,,,,,,,,,,,
   Area actually reporting,100.0%,21,#VALUE!,,#VALUE!,"15,780",288,142,"1,267",,"4,927","9,604","1,249",
State Total,"12,281,054",602,#VALUE!,,#VALUE!,"316,274","3,247","18,155","29,580",,"54,080","225,869","36,325",
"   Rate per 100,000 inhabitants",,4.9,#VALUE!, ,#VALUE!,"2,575.3",26.4,147.8,240.9,0.0,440.4,"1,839.2",295.8,
,,,,,,,,,,,,,,
PUERTO RICO,,, ,, ,,,,,,,,,
,,, ,, , ,,,,,,,,
Metropolitan Statistical Area,"3,220,637",,,,,,,,,,,,,
   Area actually reporting,100.0%,630,"66,923",,"11,102","55,821",179,"8,064","2,229",,"17,830","25,979","12,012",
Cities outside metropolitan areas,"587,973",,,,,,,,,,,,,
   Area actually reporting,100.0%,63,"8,454",,"1,302","7,152",49,693,497,,"3,227","2,961",964,
Total,"3,808,610",693,"75,377",,"12,404","62,973",228,"8,757","2,726",,"21,057","28,940","12,976",
"   Rate per 100,000 inhabitants",,18.2,"1,979.1", ,325.7,"1,653.4",6.0,229.9,71.6,0.0,552.9,759.9,340.7,
,,,,,,,,,,,,,,
RHODE ISLAND,,, ,, ,,,,,,,,,
,,,,,, ,,,,,,,,
Metropolitan Statistical Area,"965,870",,,,,,,,,,,,,
   Area actually reporting,100.0%,41,"33,638",,"2,867","30,771",369,880,"1,577",,"6,061","20,167","4,543",
Cities outside metropolitan areas,"82,449",,,,,,,,,,,,,
   Area actually reporting,100.0%,2,"2,724",,225,"2,499",34,42,147,,545,"1,834",120,
Rural,,,,,,,,,,,,,,
   Area actually reporting,100.0%,2,82,,29,53,9,--,18,,14,37,2,
State Total,"1,048,319",45,"36,444",,"3,121","33,323",412,922,"1,742",,"6,620","22,038","4,665",
"   Rate per 100,000 inhabitants",,4.3,"3,476.4", ,297.7,"3,178.7",39.3,88.0,166.2,0.0,631.5,"2,102.2",445.0,
,,,,,,,,,,,,,,
SOUTH CAROLINA,,, ,,,,,,,,,,,
,,, , , ,,,,,,,,,
Metropolitan Statistical Area,"2,818,817",,,,, ,,,,,,,,
   Area actually reporting,99.1%,157,"150,626",,"21,297","129,329","1,074","4,500","15,566",,"26,341","91,428","11,560",
   Estimated totals,100.0%,158,"152,026",,"21,451","130,575","1,080","4,530","15,683",,"26,530","92,401","11,644",
Cities outside metropolitan areas,"317,673",,,,,,,,,,,,,
   Area actually reporting,97.5%,20,"22,442",,"4,325","18,117",131,607,"3,567",,"3,825","13,277","1,015",
   Estimated totals,100.0%,21,"23,007",,"4,434","18,573",134,622,"3,657",,"3,921","13,611","1,041",
Rural,"875,522",,,,,,,,,,,,,
   Area actually reporting,100.0%,54,#VALUE!,,#VALUE!,"28,041",297,731,"5,326",,"8,437","17,082","2,522",
State Total,"4,012,012",233,#VALUE!,,#VALUE!,"177,189","1,511","5,883","24,666",,"38,888","123,094","15,207",
"   Rate per 100,000 inhabitants",,5.8,#VALUE!, ,#VALUE!,"4,416.5",37.7,146.6,614.8,0.0,969.3,"3,068.1",379.0,
,,,,,,,,,,,,,,
SOUTH DAKOTA,,, ,,,,,,,,,,,
,,, ,,, ,,,,,,,,
Metropolitan Statistical Area,"261,285",,,, ,,,,,,,,,
   Area actually reporting,93.7%,3,"8,984",,735,"8,249",179,98,455,,"1,279","6,535",435,
   Estimated totals,100.0%,3,"9,468",,765,"8,703",193,99,470,,"1,343","6,910",450,
Cities outside metropolitan areas,"209,487",,,,,,,,,,,,,
   Area actually reporting,95.7%,1,"5,780",,290,"5,490",70,29,190,,904,"4,368",218,
   Estimated totals,100.0%,1,"5,937",,293,"5,644",71,29,192,,931,"4,491",222,
Rural,"284,072",,,,,,,,,,,,,
   Area actually reporting,56.9%,2,#VALUE!,,#VALUE!,"1,031",22,1,84,,346,617,68,
   Estimated totals,100.0%,3,#VALUE!,,#VALUE!,"1,812",39,2,148,,608,"1,084",120,
State Total,"754,844",7,#VALUE!,,#VALUE!,"16,252",305,131,816,,"2,896","12,558",798,
"   Rate per 100,000 inhabitants",,0.9,#VALUE!, ,#VALUE!,"2,153.0",40.4,17.4,108.1,0.0,383.7,"1,663.7",105.7,
,,,,,,,,,,,,,,
TENNESSEE,,,,,,,,,,,,,,
,,, ,,, ,,,,,,,,
Metropolitan Statistical Area,"3,833,160",, ,, ,,,,,,,,,
   Area actually reporting,99.9%,326,"219,062",,"32,767","186,295","1,815","8,793","21,833",,"43,354","119,470","23,471",
   Estimated totals,100.0%,326,"219,327",,"32,794","186,533","1,816","8,797","21,855",,"43,394","119,650","23,489",
Cities outside metropolitan areas,"726,456",,,,,,,,,,,,,
   Area actually reporting,99.5%,39,"35,534",,"4,167","31,367",209,521,"3,398",,"6,005","23,353","2,009",
   Estimated totals,100.0%,39,"35,712",,"4,188","31,524",210,524,"3,415",,"6,035","23,470","2,019",
Rural,"1,129,667",,,,,,,,,,,,,
   Area actually reporting,100.0%,45,#VALUE!,,#VALUE!,"19,712",158,141,"2,879",,"6,884","10,817","2,011",
State Total,"5,689,283",410,#VALUE!,,#VALUE!,"237,985","2,186","9,465","28,172",,"56,344","154,111","27,530",
"   Rate per 100,000 inhabitants",,7.2,#VALUE!, ,#VALUE!,"4,183.0",38.4,166.4,495.2,0.0,990.4,"2,708.8",483.9,
,,,,,,,,,,,,,,
TEXAS,,,,,,,,,,,,,,
,,, ,, , ,,,,,,,,
Metropolitan Statistical Area,"17,642,682",, ,,,,,,,,,,,
   Area actually reporting,99.8%,"1,108","941,943",,"103,749","838,194","6,829","29,323","66,489",,"166,976","582,539","88,679",
   Estimated totals,100.0%,"1,108","943,556",,"103,862","839,694","6,838","29,349","66,567",,"167,263","583,642","88,789",
Cities outside metropolitan areas,"1,491,790",,,,,,,,,,,,,
   Area actually reporting,98.1%,48,"60,444",,"6,055","54,389",604,705,"4,698",,"11,929","39,906","2,554",
   Estimated totals,100.0%,49,"61,532",,"6,170","55,362",616,718,"4,787",,"12,135","40,625","2,602",
Rural,"1,717,348",,,,,,,,,,,,,
   Area actually reporting,99.1%,80,#VALUE!,,#VALUE!,"24,387",398,188,"2,922",,"9,493","13,139","1,755",
   Estimated totals,100.0%,81,#VALUE!,,#VALUE!,"24,602",402,190,"2,948",,"9,577","13,255","1,770",
State Total,"20,851,820","1,238",#VALUE!,,#VALUE!,"919,658","7,856","30,257","74,302",,"188,975","637,522","93,161",
"   Rate per 100,000 inhabitants",,5.9,#VALUE!, ,#VALUE!,"4,410.4",37.7,145.1,356.3,0.0,906.3,"3,057.4",446.8,
,,,,,,,,,,,,,,
UTAH,,,,,,,,,,,,,,
,,, ,,, ,,,,,,,,
Metropolitan Statistical Area,"1,707,222",,,,,,,,,,,,,
   Area actually reporting,99.8%,38,"84,516",,"4,866","79,650",706,"1,194","2,928",,"11,762","62,137","5,751",
   Estimated totals,100.0%,38,"84,649",,"4,874","79,775",707,"1,195","2,934",,"11,781","62,234","5,760",
Cities outside metropolitan areas,"276,040",,,,,,,,,,,,,
   Area actually reporting,96.9%,3,"9,877",,487,"9,390",101,31,352,,"1,412","7,556",422,
   Estimated totals,100.0%,3,"10,197",,502,"9,695",104,32,363,,"1,458","7,801",436,
Rural,"249,907",,,,,,,,,,,,,
   Area actually reporting,96.9%,2,#VALUE!,,#VALUE!,"4,628",50,15,258,,"1,074","3,297",257,
   Estimated totals,100.0%,2,#VALUE!,,#VALUE!,"4,777",52,15,266,,"1,109","3,403",265,
State Total,"2,233,169",43,#VALUE!,,#VALUE!,"94,247",863,"1,242","3,563",,"14,348","73,438","6,461",
"   Rate per 100,000 inhabitants",,1.9,#VALUE!, ,#VALUE!,"4,220.3",38.6,55.6,159.5,0.0,642.5,"3,288.5",289.3,
,,,,,,,,,,,,,,
VERMONT,,,,, ,,,,,,,,,
,,,,, , ,,,,,,,,
Metropolitan Statistical Area,"154,137",, ,,,,,,,,,,,
   Area actually reporting,100.0%,1,"6,833",,281,"6,552",41,52,187,,"1,023","5,255",274,
Cities outside metropolitan areas,"210,024",,,,,,,,,,,,,
   Area actually reporting,99.4%,4,"7,352",,250,"7,102",65,46,135,,"1,150","5,679",273,
   Estimated totals,100.0%,4,"7,398",,251,"7,147",65,46,136,,"1,157","5,715",275,
Rural,"244,666",,,,,,,,,,,,,
   Area actually reporting,100.0%,4,#VALUE!,,#VALUE!,"3,795",34,19,102,,"1,321","2,214",260,
State Total,"608,827",9,#VALUE!,,#VALUE!,"17,494",140,117,425,,"3,501","13,184",809,
"   Rate per 100,000 inhabitants",,1.5,#VALUE!, ,#VALUE!,"2,873.4",23.0,19.2,69.8,0.0,575.0,"2,165.5",132.9,
,,,,,,,,,,,,,,
VIRGINIA,,, ,,,,,,,,,,,
,,,,, , ,,,,,,,,
Metropolitan Statistical Area,"5,537,083",,,,,,,,,,,,,
   Area actually reporting,99.0%,296,"180,934",,"16,439","164,495","1,281","5,846","9,016",,"24,766","123,918","15,811",
   Estimated totals,100.0%,298,"182,407",,"16,556","165,851","1,291","5,878","9,089",,"24,940","124,979","15,932",
Cities outside metropolitan areas,"435,213",,,,,,,,,,,,,
   Area actually reporting,90.5%,28,"13,446",,"1,187","12,259",123,183,853,,"1,540","10,084",635,
   Estimated totals,100.0%,31,"14,851",,"1,311","13,540",136,202,942,,"1,701","11,138",701,
Rural,"1,106,219",,,,,,,,,,,,,
   Area actually reporting,99.4%,72,#VALUE!,,#VALUE!,"14,923",188,214,"1,590",,"3,770","9,980","1,173",
   Estimated totals,100.0%,72,#VALUE!,,#VALUE!,"15,014",189,215,"1,600",,"3,793","10,041","1,180",
State Total,"7,078,515",401,#VALUE!,,#VALUE!,"194,405","1,616","6,295","11,631",,"30,434","146,158","17,813",
"   Rate per 100,000 inhabitants",,5.7,#VALUE!, ,#VALUE!,"2,746.4",22.8,88.9,164.3,0.0,429.9,"2,064.8",251.6,
,,,,,,,,,,,,,,
WASHINGTON,,, ,, ,,,,,,,,,
,,, ,,, ,,,,,,,,
Metropolitan Statistical Area,"4,879,956",,,,,,,,,,,,,
   Area actually reporting,99.5%,155,"255,250",,"19,379","235,871","2,264","5,454","11,506",,"44,284","159,129","32,458",
   Estimated totals,100.0%,155,"256,674",,"19,461","237,213","2,276","5,478","11,552",,"44,503","160,069","32,641",
Cities outside metropolitan areas,"464,929",,,,,,,,,,,,,
   Area actually reporting,95.9%,16,"28,163",,"1,405","26,758",277,255,857,,"4,223","21,120","1,415",
   Estimated totals,100.0%,17,"29,361",,"1,465","27,896",289,266,893,,"4,403","22,018","1,475",
Rural,"549,236",,,,,,,,,,,,,
   Area actually reporting,100.0%,24,#VALUE!,,#VALUE!,"14,035",172,68,598,,"4,570","8,563",902,
State Total,"5,894,121",196,#VALUE!,,#VALUE!,"279,144","2,737","5,812","13,043",,"53,476","190,650","35,018",
"   Rate per 100,000 inhabitants",,3.3,#VALUE!, ,#VALUE!,"4,736.0",46.4,98.6,221.3,0.0,907.3,"3,234.6",594.1,
,,,,,,,,,,,,,,
WEST VIRGINIA,,, ,,, ,,,,,,,,
,,, ,, ,,,,,,,,,
Metropolitan Statistical Area,"755,448",,,,,,,,,,,,,
   Area actually reporting,88.5%,20,"23,771",,"2,479","21,292",196,522,"1,741",,"4,849","14,660","1,783",
   Estimated totals,100.0%,22,"26,353",,"2,746","23,607",209,554,"1,961",,"5,320","16,311","1,976",
Cities outside metropolitan areas,"305,848",,,,,,,,,,,,,
   Area actually reporting,91.9%,11,"7,807",,873,"6,934",38,120,704,,"1,373","5,198",363,
   Estimated totals,100.0%,12,"8,492",,950,"7,542",41,131,766,,"1,493","5,654",395,
Rural,"747,048",,,,,,,,,,,,,
   Area actually reporting,89.0%,11,#VALUE!,,#VALUE!,"9,079",72,57,"1,665",,"2,740","5,498",841,
   Estimated totals,100.0%,12,#VALUE!,,#VALUE!,"10,195",81,64,"1,870",,"3,077","6,174",944,
State Total,"1,808,344",46,#VALUE!,,#VALUE!,"41,344",331,749,"4,597",,"9,890","28,139","3,315",
"   Rate per 100,000 inhabitants",,2.5,#VALUE!, ,#VALUE!,"2,286.3",18.3,41.4,254.2,0.0,546.9,"1,556.1",183.3,
,,,,,,,,,,,,,,
WISCONSIN,,, ,, , ,,,,,,,,
,,,,,,,,,,,,,,
Metropolitan Statistical Area,"3,626,968",,,,,,,,,,,,,
   Area actually reporting,97.1%,148,"130,111",,"10,661","119,450",840,"4,411","5,262",,"18,123","88,615","12,712",
   Estimated totals,100.0%,149,"132,238",,"10,754","121,484",852,"4,431","5,322",,"18,438","90,233","12,813",
Cities outside metropolitan areas,"718,200",,,,,,,,,,,,,
   Area actually reporting,96.8%,2,"24,757",,973,"23,784",148,77,746,,"2,765","20,134",885,
   Estimated totals,100.0%,2,"25,569",,"1,005","24,564",153,80,770,,"2,856","20,794",914,
Rural,"1,018,507",,,,,,,,,,,,,
   Area actually reporting,96.3%,17,"13,786",,906,"12,880",154,25,710,,"3,745","8,260",875,
   Estimated totals,100.0%,18,"14,317",,941,"13,376",160,26,737,,"3,889","8,578",909,
State Total,"5,363,675",169,"172,124",,"12,700","159,424","1,165","4,537","6,829",,"25,183","119,605","14,636",
"   Rate per 100,000 inhabitants",,3.2,"3,209.1", ,236.8,"2,972.3",21.7,84.6,127.3,0.0,469.5,"2,229.9",272.9,
,,,,,,,,,,,,,,
WYOMING,,, ,,,,,,,,,,,
,,, ,,,,,,,,,,,
Metropolitan Statistical Area,"146,231",,,, , ,,,,,,,,
   Area actually reporting,100.0%,6,"5,614",,413,"5,201",78,44,285,,734,"4,225",242,
Cities outside metropolitan areas,"214,082",,,,,,,,,,,,,
   Area actually reporting,99.1%,3,"8,257",,591,"7,666",65,22,501,,907,"6,546",213,
   Estimated totals,100.0%,3,"8,336",,597,"7,739",66,22,506,,916,"6,608",215,
Rural,"133,469",,,,,,,,,,,,,
   Area actually reporting,100.0%,3,#VALUE!,,#VALUE!,"2,029",16,4,283,,428,"1,485",116,
State Total,"493,782",12,#VALUE!,,#VALUE!,"14,969",160,70,"1,074",,"2,078","12,318",573,
"   Rate per 100,000 inhabitants",,2.4,#VALUE!, ,#VALUE!,"3,031.5",32.4,14.2,217.5,0.0,420.8,"2,494.6",116.0,
,,,,,,,,,,,,,,
"1  Although arson data are included in the trend and clearance tables, sufficient data are not available to estimate totals for this offense.",,,,,,,,,,,,,,
"2  Violent crimes are offenses of murder, forcible rape, robbery, and aggravated assault.",,,,,,,,,,,,,,
"3  Property crimes are offenses of burglary, larceny-theft, and motor vehicle theft.  ",,,,,,,,,,,,,,
4  An aggregated Delaware state total for forcible rape for 2000 was supplied by the Delaware State Bureau of Investigation.,,,,,,,,,,,,,,
5  Includes offenses reported by the Zoological Police.,,,,,,,,,,,,,,
"6  Limited data for 2000 were available for Illinois, Kansas, Kentucky, and Montana; therefore, it was necessary ",,,,,,,,,,,,,,
"   that their crime counts be estimated.  See Offense Estimation, Appendix I, for details.",,,,,,,,,,,,,,
7  Forcible rape figures furnished by the state Uniform Crime Reporting Program administered by the Minnesota Department of Public Safety,,,,,,,,,,,,,,
   are not comparable to those for previous years.,,,,,,,,,,,,,,
8  With the submission of 2000 offense ,,,,,,,,,,,,,,
Offense totals are based on all reporting agencies and estimates for unreported areas.,,,,,,,,,,,,,,
